{"stats":{"minecraft:used":{"minecraft:oak_log":2},"minecraft:custom":{"minecraft:jump":61,"minecraft:time_since_rest":9576,"minecraft:damage_taken":20,"minecraft:leave_game":2,"minecraft:play_time":9576,"minecraft:sprint_one_cm":31157,"minecraft:time_since_death":9576,"minecraft:walk_one_cm":9778,"minecraft:total_world_time":9576,"minecraft:fly_one_cm":13556,"minecraft:fall_one_cm":3448},"minecraft:picked_up":{"minecraft:stick":3,"minecraft:oak_log":33,"minecraft:apple":2,"minecraft:oak_sapling":11,"minecraft:wheat_seeds":3,"minecraft:cornflower":12,"minecraft:dandelion":3},"minecraft:mined":{"minecraft:short_grass":19,"minecraft:oak_log":33,"minecraft:dandelion":3,"minecraft:oak_leaves":4,"minecraft:cornflower":12}},"DataVersion":3953}