{"stats":{"minecraft:used":{"minecraft:oak_log":2},"minecraft:custom":{"minecraft:jump":53,"minecraft:time_since_rest":8115,"minecraft:leave_game":1,"minecraft:sprint_one_cm":24590,"minecraft:play_time":8115,"minecraft:damage_taken":20,"minecraft:time_since_death":8115,"minecraft:walk_one_cm":8640,"minecraft:total_world_time":8115,"minecraft:fall_one_cm":3448,"minecraft:fly_one_cm":12160},"minecraft:picked_up":{"minecraft:oak_log":31,"minecraft:oak_sapling":2,"minecraft:wheat_seeds":3,"minecraft:cornflower":12,"minecraft:dandelion":3},"minecraft:mined":{"minecraft:short_grass":19,"minecraft:oak_log":31,"minecraft:dandelion":3,"minecraft:oak_leaves":4,"minecraft:cornflower":12}},"DataVersion":3953}